ID,Site,ClosestWS,DateStart,TimeStart,Datetime_Start,DateEnd,TimeEnd,Datetime_End,Totaldays,Totalhours,Count,,
1,Oil,DanishMet/nearAirport,6/2/2017,17:45,6/2/2017 17:45,6/2/2017,20:50,6/2/2017 20:50,0.128472222,3.08,106,,
2,Kennels,DanishMet/nearAirport,6/2/2017,18:00,6/2/2017 18:00,6/2/2017,21:05,6/2/2017 21:05,0.128472222,3.08,1,,
3,KISS,DanishMet/nearAirport,6/2/2017,18:07,6/2/2017 18:07,6/2/2017,21:10,6/2/2017 21:10,0.127083333,3.05,1,,
4,Golf,DanishMet,6/4/2017,18:00,6/4/2017 18:00,6/4/2017,20:00,6/4/2017 20:00,0.083333333,2,0,,
5,Kforest,DanishMet,6/4/2017,18:00,6/4/2017 18:00,6/4/2017,20:00,6/4/2017 20:00,0.083333333,2,3,,
6,KISS,DanishMet,6/5/2017,15:40,6/5/2017 15:40,6/5/2017,21:20,6/5/2017 21:20,0.236111111,5.67,0,,
7,Oil,DanishMet,6/5/2017,18:10,6/5/2017 18:10,6/5/2017,22:00,6/5/2017 22:00,0.159722222,3.83,0,,
8,River over,Waterfall,6/5/2017,18:20,6/5/2017 18:20,6/5/2017,22:00,6/5/2017 22:00,0.152777778,3.67,0,,
9,Golf ,DanishMet,6/5/2017,18:25,6/5/2017 18:25,6/5/2017,22:10,6/5/2017 22:10,0.15625,3.75,1,,
10,Kforest,DanishMet,6/5/2017,18:30,6/5/2017 18:30,6/5/2017,22:15,6/5/2017 22:15,0.15625,3.75,0,,
11,Camp,Waterfall,6/6/2017,9:00,6/6/2017 9:00,6/6/2017,11:00,6/6/2017 11:00,0.083333333,2,28,,
12,Golf,DanishMet,6/6/2017,17:48,6/6/2017 17:48,6/6/2017,21:28,6/6/2017 21:28,0.152777778,3.67,301,,
13,Kforest,DanishMet,6/6/2017,17:53,6/6/2017 17:53,6/6/2017,21:34,6/6/2017 21:34,0.153472222,3.68,397,,
14,Waterfall up,Waterfall,6/6/2017,18:05,6/6/2017 18:05,6/6/2017,21:46,6/6/2017 21:46,0.153472222,3.68,80,,
15,Waterfall,Waterfall,6/6/2017,18:11,6/6/2017 18:11,6/6/2017,21:49,6/6/2017 21:49,0.151388889,3.63,95,, 
16,Seatomato,Waterfall,6/6/2017,18:21,6/6/2017 18:21,6/6/2017,22:00,6/6/2017 22:00,0.152083333,3.65,24,,
17,KISS,DanishMet,6/6/2017,19:45,6/6/2017 19:45,6/6/2017,21:00,6/6/2017 21:00,0.052083333,1.25,67,,
18,KISS,DanishMet,6/8/2017,13:20,6/8/2017 13:20,6/8/2017,17:30,6/8/2017 17:30,0.173611111,4.17,30,,
19,Seatomato,Waterfall,6/8/2017,18:05,6/8/2017 18:05,6/8/2017,21:05,6/8/2017 21:05,0.125,3,8,,
20,VV2,Vulgaris,6/8/2017,18:35,6/8/2017 18:35,6/8/2017,21:35,6/8/2017 21:35,0.125,3,6,,
21,VV1,Vulgaris,6/8/2017,18:40,6/8/2017 18:40,6/8/2017,21:40,6/8/2017 21:40,0.125,3,32,,
22,KISS,DanishMet,6/9/2017,9:30,6/9/2017 9:30,6/9/2017,12:00,6/9/2017 12:00,0.104166667,2.5,2,,
23,Kforest,DanishMet,6/9/2017,17:35,6/9/2017 17:35,6/9/2017,21:48,6/9/2017 21:48,0.175694444,4.22,10,,
24,Golf,DanishMet,6/9/2017,17:44,6/9/2017 17:44,6/9/2017,21:55,6/9/2017 21:55,0.174305556,4.18,0,,
25,Oil,DanishMet,6/9/2017,17:52,6/9/2017 17:52,6/9/2017,21:37,6/9/2017 21:37,0.15625,3.75,41,,
26,KISS,DanishMet,6/9/2017,18:10,6/9/2017 18:10,6/9/2017,21:25,6/9/2017 21:25,0.135416667,3.25,21,,
27,Waterfall,Waterfall,6/10/2017,18:13,6/10/2017 18:13,6/10/2017,21:35,6/10/2017 21:35,0.140277778,3.37,17,,
28,Waterfall up,Waterfall,6/10/2017,18:24,6/10/2017 18:24,6/10/2017,21:45,6/10/2017 21:45,0.139583333,3.35,12,,
29,Seatomato,Waterfall,6/10/2017,18:35,6/10/2017 18:35,6/10/2017,21:55,6/10/2017 21:55,0.138888889,3.33,24,,
30,KISS,DanishMet,6/11/2017,10:00,6/11/2017 10:00,6/11/2017,19:05,6/11/2017 19:05,0.378472222,9.08,83,,
31,KISS,DanishMet,6/12/2017,12:14,6/12/2017 12:14,6/12/2017,17:41,6/12/2017 17:41,0.227083333,5.45,104,,
32,Oil,DanishMet,6/12/2017,17:45,6/12/2017 17:45,6/12/2017,21:12,6/12/2017 21:12,0.14375,3.45,1120,,
33,Golf,DanishMet,6/12/2017,17:57,6/12/2017 17:57,6/12/2017,21:21,6/12/2017 21:21,0.141666667,3.4,106,,
34,Kforest,DanishMet,6/12/2017,18:02,6/12/2017 18:02,6/12/2017,21:27,6/12/2017 21:27,0.142361111,3.42,161,,
35,KISS,DanishMet,6/13/2017,12:11,6/13/2017 12:11,6/13/2017,16:50,6/13/2017 16:50,0.19375,4.65,190,,
36,Moz valley,Vulgaris,6/13/2017,18:05,6/13/2017 18:05,6/13/2017,21:07,6/13/2017 21:07,0.126388889,3.03,270,,
37,VV2,Vulgaris,6/13/2017,18:15,6/13/2017 18:15,6/13/2017,21:17,6/13/2017 21:17,0.126388889,3.03,231,,
38,VV1,Vulgaris,6/13/2017,18:20,6/13/2017 18:20,6/13/2017,21:21,6/13/2017 21:21,0.125694444,3.02,61,,
39,Bunny Hill,Vulgaris,6/13/2017,18:25,6/13/2017 18:25,6/13/2017,21:26,6/13/2017 21:26,0.125694444,3.02,469,,
40,KISS,DanishMet,6/14/2017,18:42,6/14/2017 18:42,6/14/2017,21:46,6/14/2017 21:46,0.127777778,3.07,43,,
41,Oil,DanishMet,6/14/2017,18:48,6/14/2017 18:48,6/14/2017,21:55,6/14/2017 21:55,0.129861111,3.12,634,,
42,Golf,DanishMet,6/14/2017,18:55,6/14/2017 18:55,6/14/2017,22:05,6/14/2017 22:05,0.131944444,3.17,259,,
43,Kforest,DanishMet,6/14/2017,19:01,6/14/2017 19:01,6/14/2017,20:20,6/14/2017 20:20,0.054861111,1.32,74,,
44,Waterfall up,Waterfall,6/15/2017,18:21,6/15/2017 18:21,6/15/2017,21:40,6/15/2017 21:40,0.138194444,3.32,28,,
45,Waterfall,Waterfall,6/15/2017,18:30,6/15/2017 18:30,6/15/2017,21:57,6/15/2017 21:57,0.14375,3.45,141,,
46,Seatomato,Waterfall,6/15/2017,18:40,6/15/2017 18:40,6/15/2017,22:05,6/15/2017 22:05,0.142361111,3.42,129,,
47,KISS,DanishMet,6/16/2017,14:00,6/16/2017 14:00,6/16/2017,21:30,6/16/2017 21:30,0.3125,7.5,62,,
48,Oil,DanishMet,6/16/2017,18:20,6/16/2017 18:20,6/16/2017,21:40,6/16/2017 21:40,0.138888889,3.33,41,,
49,Golf,DanishMet,6/16/2017,18:28,6/16/2017 18:28,6/16/2017,21:50,6/16/2017 21:50,0.140277778,3.37,5,,
50,Kforest,DanishMet,6/16/2017,18:32,6/16/2017 18:32,6/16/2017,21:55,6/16/2017 21:55,0.140972222,3.38,10,,
51,KISS,DanishMet,6/17/2017,13:30,6/17/2017 13:30,6/17/2017,18:00,6/17/2017 18:00,0.1875,4.5,79,,
52,Moz valley,Vulgaris,6/17/2017,18:39,6/17/2017 18:39,6/17/2017,21:42,6/17/2017 21:42,0.127083333,3.05,0,,
53,VV2,Vulgaris,6/17/2017,18:50,6/17/2017 18:50,6/17/2017,21:50,6/17/2017 21:50,0.125,3,0,,
54,VV1,Vulgaris,6/17/2017,18:54,6/17/2017 18:54,6/17/2017,21:55,6/17/2017 21:55,0.125694444,3.02,20,,
55,Bunny Hill,Vulgaris,6/17/2017,19:00,6/17/2017 19:00,6/17/2017,22:00,6/17/2017 22:00,0.125,3,3,,
56,KISS,DanishMet,6/18/2017,13:00,6/18/2017 13:00,6/18/2017,18:00,6/18/2017 18:00,0.208333333,5,680,,
62,Camp,Waterfall,6/18/2017,17:15,6/18/2017 17:15,6/18/2017,22:30,6/18/2017 22:30,0.21875,5.25,143,,
61,Seatomato,Waterfall,6/18/2017,18:20,6/18/2017 18:20,6/18/2017,21:30,6/18/2017 21:30,0.131944444,3.17,41,,
60,Moz valley,Vulgaris,6/18/2017,18:40,6/18/2017 18:40,6/18/2017,22:12,6/18/2017 22:12,0.147222222,3.53,89,,
59,VV2,Vulgaris,6/18/2017,18:50,6/18/2017 18:50,6/18/2017,22:00,6/18/2017 22:00,0.131944444,3.17,0,,
57,VV1,Vulgaris,6/18/2017,18:56,6/18/2017 18:56,6/18/2017,22:00,6/18/2017 22:00,0.127777778,3.07,114,,
58,Bunny Hill,Vulgaris,6/18/2017,19:00,6/18/2017 19:00,6/18/2017,22:12,6/18/2017 22:12,0.133333333,3.2,56,,
63,KISS,DanishMet,6/19/2017,12:15,6/19/2017 12:15,6/19/2017,19:09,6/19/2017 19:09,0.2875,6.9,0,,
64,KISS ,DanishMet,6/20/2017,13:45,6/20/2017 13:45,6/20/2017,18:35,6/20/2017 18:35,0.201388889,4.83,16,,
65,Kforest,DanishMet,6/20/2017,18:10,6/20/2017 18:10,6/20/2017,21:57,6/20/2017 21:57,0.157638889,3.78,202,,
66,Oil,DanishMet,6/20/2017,18:25,6/20/2017 18:25,6/20/2017,21:44,6/20/2017 21:44,0.138194444,3.32,289,,
67,KISS,DanishMet,6/20/2017,18:36,6/20/2017 18:36,6/20/2017,21:17,6/20/2017 21:17,0.111805556,2.68,83,,
68,KISS,DanishMet,6/21/2017,15:00,6/21/2017 15:00,6/21/2017,20:38,6/21/2017 20:38,0.234722222,5.63,41,,
69,Oil,DanishMet,6/21/2017,17:43,6/21/2017 17:43,6/21/2017,21:03,6/21/2017 21:03,0.138888889,3.33,29,,
70,Golf,DanishMet,6/21/2017,17:50,6/21/2017 17:50,6/21/2017,21:15,6/21/2017 21:15,0.142361111,3.42,6,,
71,Kforest,DanishMet,6/21/2017,17:55,6/21/2017 17:55,6/21/2017,21:20,6/21/2017 21:20,0.142361111,3.42,15,,
72,Waterfall up,Waterfall,6/21/2017,18:05,6/21/2017 18:05,6/21/2017,21:29,6/21/2017 21:29,0.141666667,3.4,7,,
73,Waterfall,Waterfall,6/21/2017,18:15,6/21/2017 18:15,6/21/2017,21:33,6/21/2017 21:33,0.1375,3.3,8,,
74,KISS,DanishMet,6/22/2017,10:00,6/22/2017 10:00,6/22/2017,17:15,6/22/2017 17:15,0.302083333,7.25,93,,
75,Seatomato,Waterfall,6/22/2017,17:50,6/22/2017 17:50,6/22/2017,21:20,6/22/2017 21:20,0.145833333,3.5,241,,
76,Moz valley,Vulgaris,6/22/2017,18:07,6/22/2017 18:07,6/22/2017,21:34,6/22/2017 21:34,0.14375,3.45,63,,
77,VV2,Vulgaris,6/22/2017,18:15,6/22/2017 18:15,6/22/2017,21:50,6/22/2017 21:50,0.149305556,3.58,293,,
78,VV1,Vulgaris,6/22/2017,18:20,6/22/2017 18:20,6/22/2017,21:55,6/22/2017 21:55,0.149305556,3.58,410,,
79,Bunny Hill,Vulgaris,6/22/2017,18:25,6/22/2017 18:25,6/22/2017,22:05,6/22/2017 22:05,0.152777778,3.67,88,,
80,Camp,Waterfall,6/22/2017,18:35,6/22/2017 18:35,6/22/2017,22:10,6/22/2017 22:10,0.149305556,3.58,9,,
81,KISS,DanishMet,6/23/2017,14:00,6/23/2017 14:00,6/23/2017,21:30,6/23/2017 21:30,0.3125,7.5,102,,
82,Kforest,DanishMet,6/23/2017,18:03,6/23/2017 18:03,6/23/2017,21:07,6/23/2017 21:07,0.127777778,3.07,367,,
83,Golf,DanishMet,6/23/2017,18:08,6/23/2017 18:08,6/23/2017,21:15,6/23/2017 21:15,0.129861111,3.12,295,,
84,Oil,DanishMet,6/23/2017,18:16,6/23/2017 18:16,6/23/2017,21:22,6/23/2017 21:22,0.129166667,3.1,672,,
85,KISS,DanishMet,6/24/2017,11:30,6/24/2017 11:30,6/24/2017,18:10,6/24/2017 18:10,0.277777778,6.67,194,,
86,Waterfall up,Waterfall,6/24/2017,18:05,6/24/2017 18:05,6/24/2017,21:30,6/24/2017 21:30,0.142361111,3.42,55,,
87,Waterfall,Waterfall,6/24/2017,18:07,6/24/2017 18:07,6/24/2017,21:38,6/24/2017 21:38,0.146527778,3.52,164,,
88,Seatomato,Waterfall,6/24/2017,18:25,6/24/2017 18:25,6/24/2017,21:46,6/24/2017 21:46,0.139583333,3.35,24,,
89,Moz valley,Vulgaris,6/24/2017,18:45,6/24/2017 18:45,6/24/2017,22:05,6/24/2017 22:05,0.138888889,3.33,115,,
90,VV1,Vulgaris,6/24/2017,18:50,6/24/2017 18:50,6/24/2017,22:22,6/24/2017 22:22,0.147222222,3.53,518,,
91,VV2,Vulgaris,6/24/2017,18:55,6/24/2017 18:55,6/24/2017,22:16,6/24/2017 22:16,0.139583333,3.35,175,,
92,Bunny Hill,Vulgaris,6/24/2017,19:02,6/24/2017 19:02,6/24/2017,22:28,6/24/2017 22:28,0.143055556,3.43,177,,
93,Camp,Waterfall,6/24/2017,19:20,6/24/2017 19:20,6/24/2017,22:45,6/24/2017 22:45,0.142361111,3.42,195,,
95,Waterfall,Waterfall,6/25/2017,18:15,6/25/2017 18:15,6/25/2017,21:37,6/25/2017 21:37,0.140277778,3.37,161,,
94,Waterfall up,Waterfall,6/25/2017,18:18,6/25/2017 18:18,6/25/2017,21:25,6/25/2017 21:25,0.129861111,3.12,14,,
96,Seatomato,Waterfall,6/25/2017,18:34,6/25/2017 18:34,6/25/2017,21:46,6/25/2017 21:46,0.133333333,3.2,193,,
100,KISS,DanishMet,6/26/2017,18:00,6/26/2017 18:00,6/26/2017,21:00,6/26/2017 21:00,0.125,3,14,,
97,Oil,DanishMet,6/26/2017,18:05,6/26/2017 18:05,6/26/2017,21:15,6/26/2017 21:15,0.131944444,3.17,123,,
98,Golf,DanishMet,6/26/2017,18:12,6/26/2017 18:12,6/26/2017,21:28,6/26/2017 21:28,0.136111111,3.27,63,,
99,Kforest,DanishMet,6/26/2017,18:15,6/26/2017 18:15,6/26/2017,21:32,6/26/2017 21:32,0.136805556,3.28,70,,
101,KISS,DanishMet,6/27/2017,11:30,6/27/2017 11:30,6/27/2017,18:00,6/27/2017 18:00,0.270833333,6.5,0,,
102,Moz valley,Vulgaris,6/28/2017,17:23,6/28/2017 17:23,6/28/2017,20:38,6/28/2017 20:38,0.135416667,3.25,55,,
103,VV2,Vulgaris,6/28/2017,17:33,6/28/2017 17:33,6/28/2017,20:45,6/28/2017 20:45,0.133333333,3.2,28,,
104,VV1,Vulgaris,6/28/2017,17:38,6/28/2017 17:38,6/28/2017,20:50,6/28/2017 20:50,0.133333333,3.2,37,,
105,Bunny Hill,Vulgaris,6/28/2017,17:42,6/28/2017 17:42,6/28/2017,20:56,6/28/2017 20:56,0.134722222,3.23,149,,
106,Camp,Waterfall,6/28/2017,17:58,6/28/2017 17:58,6/28/2017,21:09,6/28/2017 21:09,0.132638889,3.18,555,,
107,Seatomato,Waterfall,6/28/2017,18:07,6/28/2017 18:07,6/28/2017,21:19,6/28/2017 21:19,0.133333333,3.2,428,,
108,Waterfall,Waterfall,6/28/2017,18:21,6/28/2017 18:21,6/28/2017,21:30,6/28/2017 21:30,0.13125,3.15,418,,
109,Waterfall up,Waterfall,6/28/2017,18:32,6/28/2017 18:32,6/28/2017,21:42,6/28/2017 21:42,0.131944444,3.17,220,,
110,Kforest,DanishMet,6/28/2017,18:43,6/28/2017 18:43,6/28/2017,21:53,6/28/2017 21:53,0.131944444,3.17,264,,
111,Golf,DanishMet,6/28/2017,18:47,6/28/2017 18:47,6/28/2017,22:00,6/28/2017 22:00,0.134027778,3.22,83,,
112,Oil,DanishMet,6/28/2017,18:57,6/28/2017 18:57,6/28/2017,22:07,6/28/2017 22:07,0.131944444,3.17,771,,
113,KISS,DanishMet,6/28/2017,19:03,6/28/2017 19:03,6/28/2017,22:13,6/28/2017 22:13,0.131944444,3.17,47,,
114,KISS,DanishMet,6/29/2017,17:39,6/29/2017 17:39,6/29/2017,20:47,6/29/2017 20:47,0.130555556,3.13,59,,
115,Oil,DanishMet,6/29/2017,17:43,6/29/2017 17:43,6/29/2017,20:54,6/29/2017 20:54,0.132638889,3.18,98,,
116,Golf,DanishMet,6/29/2017,17:53,6/29/2017 17:53,6/29/2017,21:03,6/29/2017 21:03,0.131944444,3.17,11,,
117,Kforest,DanishMet,6/29/2017,17:59,6/29/2017 17:59,6/29/2017,21:09,6/29/2017 21:09,0.131944444,3.17,32,,
118,Waterfall up,Waterfall,6/29/2017,18:09,6/29/2017 18:09,6/29/2017,21:18,6/29/2017 21:18,0.13125,3.15,2,,
119,Waterfall,Waterfall,6/29/2017,18:19,6/29/2017 18:19,6/29/2017,21:29,6/29/2017 21:29,0.131944444,3.17,8,,
120,Seatomato,Waterfall,6/29/2017,18:30,6/29/2017 18:30,6/29/2017,21:42,6/29/2017 21:42,0.133333333,3.2,75,,
121,Camp,Waterfall,6/29/2017,18:38,6/29/2017 18:38,6/29/2017,21:50,6/29/2017 21:50,0.133333333,3.2,62,,
122,Bunny Hill,Vulgaris,6/29/2017,18:52,6/29/2017 18:52,6/29/2017,22:04,6/29/2017 22:04,0.133333333,3.2,38,,
123,VV2,Vulgaris,6/29/2017,19:02,6/29/2017 19:02,6/29/2017,22:15,6/29/2017 22:15,0.134027778,3.22,0,,
124,VV1,Vulgaris,6/29/2017,19:07,6/29/2017 19:07,6/29/2017,22:20,6/29/2017 22:20,0.134027778,3.22,7,,
125,Moz valley,Vulgaris,6/29/2017,19:13,6/29/2017 19:13,6/29/2017,22:24,6/29/2017 22:24,0.132638889,3.18,44,,
126,Oil,DanishMet,6/30/2017,14:57,6/30/2017 14:57,6/30/2017,20:34,6/30/2017 20:34,0.234027778,5.62,30,,
127,Moz valley,Vulgaris,7/2/2017,17:25,7/2/2017 17:25,7/2/2017,20:52,7/2/2017 20:52,0.14375,3.45,1,,
128,VV2,Vulgaris,7/2/2017,17:32,7/2/2017 17:32,7/2/2017,21:02,7/2/2017 21:02,0.145833333,3.5,0,,
129,VV1,Vulgaris,7/2/2017,17:38,7/2/2017 17:38,7/2/2017,21:06,7/2/2017 21:06,0.144444444,3.47,0,,
130,Bunny Hill,Vulgaris,7/2/2017,17:43,7/2/2017 17:43,7/2/2017,21:12,7/2/2017 21:12,0.145138889,3.48,0,,
131,Camp,Waterfall,7/2/2017,18:04,7/2/2017 18:04,7/2/2017,21:26,7/2/2017 21:26,0.140277778,3.37,0,,
132,Seatomato,Waterfall,7/2/2017,18:10,7/2/2017 18:10,7/2/2017,21:36,7/2/2017 21:36,0.143055556,3.43,0,,
133,Waterfall,Waterfall,7/2/2017,18:21,7/2/2017 18:21,7/2/2017,21:48,7/2/2017 21:48,0.14375,3.45,0,,
134,Waterfall up,Waterfall,7/2/2017,18:32,7/2/2017 18:32,7/2/2017,22:00,7/2/2017 22:00,0.144444444,3.47,0,,
135,Kforest,DanishMet,7/2/2017,18:43,7/2/2017 18:43,7/2/2017,22:11,7/2/2017 22:11,0.144444444,3.47,0,,
136,Golf,DanishMet,7/2/2017,18:49,7/2/2017 18:49,7/2/2017,22:17,7/2/2017 22:17,0.144444444,3.47,0,,
137,Oil,DanishMet,7/2/2017,18:57,7/2/2017 18:57,7/2/2017,22:25,7/2/2017 22:25,0.144444444,3.47,0,,
138,KISS,DanishMet,7/2/2017,19:03,7/2/2017 19:03,7/2/2017,22:31,7/2/2017 22:31,0.144444444,3.47,0,,
139,KISS,DanishMet,7/3/2017,17:53,7/3/2017 17:53,7/3/2017,21:08,7/3/2017 21:08,0.135416667,3.25,0,,
140,Oil,DanishMet,7/3/2017,18:00,7/3/2017 18:00,7/3/2017,21:16,7/3/2017 21:16,0.136111111,3.27,0,,
141,Golf,DanishMet,7/3/2017,18:08,7/3/2017 18:08,7/3/2017,21:26,7/3/2017 21:26,0.1375,3.3,0,,
142,Kforest,DanishMet,7/3/2017,18:13,7/3/2017 18:13,7/3/2017,21:32,7/3/2017 21:32,0.138194444,3.32,4,,
143,Waterfall up,Waterfall,7/3/2017,18:23,7/3/2017 18:23,7/3/2017,21:47,7/3/2017 21:47,0.141666667,3.4,0,,
144,Waterfall,Waterfall,7/3/2017,18:33,7/3/2017 18:33,7/3/2017,21:49,7/3/2017 21:49,0.136111111,3.27,2,,
145,Seatomato,Waterfall,7/3/2017,18:43,7/3/2017 18:43,7/3/2017,21:59,7/3/2017 21:59,0.136111111,3.27,0,,
147,Bunny Hill,Vulgaris,7/3/2017,18:56,7/3/2017 18:56,7/3/2017,22:16,7/3/2017 22:16,0.138888889,3.33,19,,
148,VV2,Vulgaris,7/3/2017,19:05,7/3/2017 19:05,7/3/2017,22:28,7/3/2017 22:28,0.140972222,3.38,0,,
149,VV1,Vulgaris,7/3/2017,19:10,7/3/2017 19:10,7/3/2017,22:33,7/3/2017 22:33,0.140972222,3.38,0,,
150,Moz valley,Vulgaris,7/3/2017,19:16,7/3/2017 19:16,7/3/2017,22:41,7/3/2017 22:41,0.142361111,3.42,21,,
146,Camp,Waterfall,7/3/2017,19:30,7/3/2017 19:30,7/3/2017,23:00,7/3/2017 23:00,0.145833333,3.5,0,,
151,Moz valley,Vulgaris,7/5/2017,17:38,7/5/2017 17:38,7/5/2017,20:49,7/5/2017 20:49,0.132638889,3.18,0,,
152,VV2,Vulgaris,7/5/2017,17:48,7/5/2017 17:48,7/5/2017,20:56,7/5/2017 20:56,0.130555556,3.13,0,,
153,VV1,Vulgaris,7/5/2017,17:52,7/5/2017 17:52,7/5/2017,21:01,7/5/2017 21:01,0.13125,3.15,0,,
154,Bunny Hill,Vulgaris,7/5/2017,17:57,7/5/2017 17:57,7/5/2017,21:08,7/5/2017 21:08,0.132638889,3.18,0,,
155,Camp,Waterfall,7/5/2017,18:11,7/5/2017 18:11,7/5/2017,21:22,7/5/2017 21:22,0.132638889,3.18,0,,
156,Seatomato,Waterfall,7/5/2017,18:20,7/5/2017 18:20,7/5/2017,21:29,7/5/2017 21:29,0.13125,3.15,5,,
157,Waterfall,Waterfall,7/5/2017,18:33,7/5/2017 18:33,7/5/2017,21:41,7/5/2017 21:41,0.130555556,3.13,0,,
158,Waterfall up,Waterfall,7/5/2017,18:42,7/5/2017 18:42,7/5/2017,21:52,7/5/2017 21:52,0.131944444,3.17,0,,
159,Kforest,DanishMet,7/5/2017,18:53,7/5/2017 18:53,7/5/2017,22:00,7/5/2017 22:00,0.129861111,3.12,21,,
160,Golf,DanishMet,7/5/2017,18:58,7/5/2017 18:58,7/5/2017,22:08,7/5/2017 22:08,0.131944444,3.17,4,,
161,Oil,DanishMet,7/5/2017,19:04,7/5/2017 19:04,7/5/2017,22:23,7/5/2017 22:23,0.138194444,3.32,5,,
162,KISS,DanishMet,7/5/2017,19:10,7/5/2017 19:10,7/5/2017,22:30,7/5/2017 22:30,0.138888889,3.33,0,,
163,KISS,DanishMet,7/6/2017,17:35,7/6/2017 17:35,7/6/2017,20:46,7/6/2017 20:46,0.132638889,3.18,160,,
164,Oil,DanishMet,7/6/2017,17:42,7/6/2017 17:42,7/6/2017,20:52,7/6/2017 20:52,0.131944444,3.17,117,,
165,Golf,DanishMet,7/6/2017,17:51,7/6/2017 17:51,7/6/2017,21:05,7/6/2017 21:05,0.134722222,3.23,76,,
166,Kforest,DanishMet,7/6/2017,17:57,7/6/2017 17:57,7/6/2017,21:09,7/6/2017 21:09,0.133333333,3.2,120,,
167,Waterfall up,Waterfall,7/6/2017,18:08,7/6/2017 18:08,7/6/2017,21:20,7/6/2017 21:20,0.133333333,3.2,88,,
168,Waterfall,Waterfall,7/6/2017,18:17,7/6/2017 18:17,7/6/2017,21:30,7/6/2017 21:30,0.134027778,3.22,182,,
169,Seatomato,Waterfall,7/6/2017,18:29,7/6/2017 18:29,7/6/2017,21:47,7/6/2017 21:47,0.1375,3.3,105,,
170,Camp,Waterfall,7/6/2017,18:37,7/6/2017 18:37,7/6/2017,21:55,7/6/2017 21:55,0.1375,3.3,160,,
171,Bunny Hill,Vulgaris,7/6/2017,18:52,7/6/2017 18:52,7/6/2017,22:10,7/6/2017 22:10,0.1375,3.3,199,,
172,VV2,Vulgaris,7/6/2017,19:01,7/6/2017 19:01,7/6/2017,22:21,7/6/2017 22:21,0.138888889,3.33,95,,
173,VV1,Vulgaris,7/6/2017,19:06,7/6/2017 19:06,7/6/2017,22:26,7/6/2017 22:26,0.138888889,3.33,49,,
174,Moz valley,Vulgaris,7/6/2017,19:09,7/6/2017 19:09,7/6/2017,22:30,7/6/2017 22:30,0.139583333,3.35,23,,
175,Moz valley,Vulgaris,7/7/2017,17:38,7/7/2017 17:38,7/7/2017,21:02,7/7/2017 21:02,0.141666667,3.4,29,,
176,VV2,Vulgaris,7/7/2017,17:49,7/7/2017 17:49,7/7/2017,21:11,7/7/2017 21:11,0.140277778,3.37,40,,
177,VV1,Vulgaris,7/7/2017,17:54,7/7/2017 17:54,7/7/2017,21:16,7/7/2017 21:16,0.140277778,3.37,114,,
178,Bunny Hill,Vulgaris,7/7/2017,18:00,7/7/2017 18:00,7/7/2017,21:23,7/7/2017 21:23,0.140972222,3.38,12,,
179,Camp,Waterfall,7/7/2017,18:16,7/7/2017 18:16,7/7/2017,21:35,7/7/2017 21:35,0.138194444,3.32,57,,
180,Seatomato,Waterfall,7/7/2017,18:26,7/7/2017 18:26,7/7/2017,21:43,7/7/2017 21:43,0.136805556,3.28,25,,
181,Waterfall,Waterfall,7/7/2017,18:38,7/7/2017 18:38,7/7/2017,21:56,7/7/2017 21:56,0.1375,3.3,56,,
182,Waterfall up,Waterfall,7/7/2017,18:49,7/7/2017 18:49,7/7/2017,22:12,7/7/2017 22:12,0.140972222,3.38,40,,
183,Kforest,DanishMet,7/7/2017,19:02,7/7/2017 19:02,7/7/2017,22:25,7/7/2017 22:25,0.140972222,3.38,103,,
184,Golf,DanishMet,7/7/2017,19:08,7/7/2017 19:08,7/7/2017,22:30,7/7/2017 22:30,0.140277778,3.37,17,,
185,KISS,DanishMet,7/7/2017,19:22,7/7/2017 19:22,7/7/2017,22:43,7/7/2017 22:43,0.139583333,3.35,11,,
186,Moz valley,Vulgaris,7/9/2017,17:27,7/9/2017 17:27,7/9/2017,20:51,7/9/2017 20:51,0.141666667,3.4,24,,
187,VV2,Vulgaris,7/9/2017,17:38,7/9/2017 17:38,7/9/2017,21:00,7/9/2017 21:00,0.140277778,3.37,0,,
188,Bunny Hill,Vulgaris,7/9/2017,17:48,7/9/2017 17:48,7/9/2017,21:12,7/9/2017 21:12,0.141666667,3.4,0,,
190,Seatomato,Waterfall,7/9/2017,18:15,7/9/2017 18:15,7/9/2017,21:28,7/9/2017 21:28,0.134027778,3.22,8,,
191,Waterfall,Waterfall,7/9/2017,18:27,7/9/2017 18:27,7/9/2017,21:40,7/9/2017 21:40,0.134027778,3.22,4,,
192,Waterfall up,Waterfall,7/9/2017,18:37,7/9/2017 18:37,7/9/2017,21:52,7/9/2017 21:52,0.135416667,3.25,0,,
193,Kforest,DanishMet,7/9/2017,18:46,7/9/2017 18:46,7/9/2017,22:10,7/9/2017 22:10,0.141666667,3.4,8,,
194,Golf,DanishMet,7/9/2017,18:52,7/9/2017 18:52,7/9/2017,22:17,7/9/2017 22:17,0.142361111,3.42,10,,
195,Oil,DanishMet,7/9/2017,19:02,7/9/2017 19:02,7/9/2017,22:26,7/9/2017 22:26,0.141666667,3.4,21,,
196,KISS,DanishMet,7/9/2017,19:09,7/9/2017 19:09,7/9/2017,22:37,7/9/2017 22:37,0.144444444,3.47,13,,
189,Camp,Waterfall,7/9/2017,21:00,7/9/2017 21:00,7/9/2017,23:30,7/9/2017 23:30,0.104166667,2.5,0,,
197,KISS,DanishMet,7/10/2017,17:34,7/10/2017 17:34,7/10/2017,20:50,7/10/2017 20:50,0.136111111,3.27,28,,
198,Oil,DanishMet,7/10/2017,17:41,7/10/2017 17:41,7/10/2017,20:58,7/10/2017 20:58,0.136805556,3.28,34,,
199,Golf,DanishMet,7/10/2017,17:50,7/10/2017 17:50,7/10/2017,21:06,7/10/2017 21:06,0.136111111,3.27,23,,
200,Kforest,DanishMet,7/10/2017,17:56,7/10/2017 17:56,7/10/2017,21:14,7/10/2017 21:14,0.1375,3.3,79,,
201,Waterfall up,Waterfall,7/10/2017,18:07,7/10/2017 18:07,7/10/2017,21:26,7/10/2017 21:26,0.138194444,3.32,3,,
202,Waterfall,Waterfall,7/10/2017,18:16,7/10/2017 18:16,7/10/2017,21:28,7/10/2017 21:28,0.133333333,3.2,14,,
203,Seatomato,Waterfall,7/10/2017,18:28,7/10/2017 18:28,7/10/2017,21:39,7/10/2017 21:39,0.132638889,3.18,2,,
204,Bunny Hill,Vulgaris,7/10/2017,18:43,7/10/2017 18:43,7/10/2017,21:54,7/10/2017 21:54,0.132638889,3.18,0,,
205,VV2,Vulgaris,7/10/2017,18:54,7/10/2017 18:54,7/10/2017,22:03,7/10/2017 22:03,0.13125,3.15,0,,
206,VV1,Vulgaris,7/10/2017,18:59,7/10/2017 18:59,7/10/2017,22:08,7/10/2017 22:08,0.13125,3.15,1,,
207,Moz valley,Vulgaris,7/10/2017,19:05,7/10/2017 19:05,7/10/2017,22:13,7/10/2017 22:13,0.130555556,3.13,28,,
208,Camp,Waterfall,7/10/2017,19:28,7/10/2017 19:28,7/10/2017,23:30,7/10/2017 23:30,0.168055556,4.03,21,,
209,KISS,DanishMet,7/12/2017,17:28,7/12/2017 17:28,7/12/2017,20:50,7/12/2017 20:50,0.140277778,3.37,2,,
210,Oil,DanishMet,7/12/2017,17:35,7/12/2017 17:35,7/12/2017,21:01,7/12/2017 21:01,0.143055556,3.43,2,,
211,Golf,DanishMet,7/12/2017,17:46,7/12/2017 17:46,7/12/2017,21:09,7/12/2017 21:09,0.140972222,3.38,0,,
212,Kforest,DanishMet,7/12/2017,17:53,7/12/2017 17:53,7/12/2017,21:16,7/12/2017 21:16,0.140972222,3.38,34,,
213,Waterfall up,Waterfall,7/12/2017,18:05,7/12/2017 18:05,7/12/2017,21:28,7/12/2017 21:28,0.140972222,3.38,5,,
214,Waterfall,Waterfall,7/12/2017,18:14,7/12/2017 18:14,7/12/2017,21:37,7/12/2017 21:37,0.140972222,3.38,24,,
215,Seatomato,Waterfall,7/12/2017,18:26,7/12/2017 18:26,7/12/2017,21:49,7/12/2017 21:49,0.140972222,3.38,11,,
219,Camp,Waterfall,7/12/2017,18:34,7/12/2017 18:34,7/12/2017,23:00,7/12/2017 23:00,0.184722222,4.43,28,,
216,Bunny Hill,Vulgaris,7/12/2017,18:51,7/12/2017 18:51,7/12/2017,22:05,7/12/2017 22:05,0.134722222,3.23,5,,
217,VV1,Vulgaris,7/12/2017,19:07,7/12/2017 19:07,7/12/2017,22:20,7/12/2017 22:20,0.134027778,3.22,59,,
218,Moz valley,Vulgaris,7/12/2017,19:12,7/12/2017 19:12,7/12/2017,22:28,7/12/2017 22:28,0.136111111,3.27,39,,
220,Moz valley,Vulgaris,7/14/2017,17:32,7/14/2017 17:32,7/14/2017,21:12,7/14/2017 21:12,0.152777778,3.67,36,,
221,VV2,Vulgaris,7/14/2017,17:41,7/14/2017 17:41,7/14/2017,21:20,7/14/2017 21:20,0.152083333,3.65,157,,
222,VV1,Vulgaris,7/14/2017,17:46,7/14/2017 17:46,7/14/2017,21:26,7/14/2017 21:26,0.152777778,3.67,129,,
223,Bunny Hill,Vulgaris,7/14/2017,17:53,7/14/2017 17:53,7/14/2017,21:33,7/14/2017 21:33,0.152777778,3.67,76,,
225,Camp,Waterfall,7/14/2017,18:05,7/14/2017 18:05,7/14/2017,21:48,7/14/2017 21:48,0.154861111,3.72,0,,
224,Seatomato,Waterfall,7/14/2017,18:13,7/14/2017 18:13,7/14/2017,21:57,7/14/2017 21:57,0.155555556,3.73,8,,
226,Waterfall,Waterfall,7/14/2017,18:23,7/14/2017 18:23,7/14/2017,22:09,7/14/2017 22:09,0.156944444,3.77,0,,
227,Waterfall up,Waterfall,7/14/2017,18:32,7/14/2017 18:32,7/14/2017,22:20,7/14/2017 22:20,0.158333333,3.8,3,,
228,Kforest,DanishMet,7/14/2017,18:42,7/14/2017 18:42,7/14/2017,22:31,7/14/2017 22:31,0.159027778,3.82,2,,
229,Oil,DanishMet,7/14/2017,18:58,7/14/2017 18:58,7/14/2017,22:47,7/14/2017 22:47,0.159027778,3.82,1,,
230,KISS,DanishMet,7/14/2017,19:05,7/14/2017 19:05,7/14/2017,22:54,7/14/2017 22:54,0.159027778,3.82,0,,
231,KISS,DanishMet,7/17/2017,17:40,7/17/2017 17:40,7/17/2017,21:15,7/17/2017 21:15,0.149305556,3.58,11,,
232,Oil,DanishMet,7/17/2017,18:10,7/17/2017 18:10,7/17/2017,21:36,7/17/2017 21:36,0.143055556,3.43,7,,
233,Golf,DanishMet,7/17/2017,18:18,7/17/2017 18:18,7/17/2017,21:57,7/17/2017 21:57,0.152083333,3.65,5,,
234,Kforest,DanishMet,7/17/2017,18:25,7/17/2017 18:25,7/17/2017,22:03,7/17/2017 22:03,0.151388889,3.63,3,,
235,Waterfall up,Waterfall,7/17/2017,18:39,7/17/2017 18:39,7/17/2017,22:14,7/17/2017 22:14,0.149305556,3.58,0,,
236,Waterfall,Waterfall,7/17/2017,18:46,7/17/2017 18:46,7/17/2017,22:23,7/17/2017 22:23,0.150694444,3.62,0,,
237,Seatomato,Waterfall,7/17/2017,18:57,7/17/2017 18:57,7/17/2017,22:33,7/17/2017 22:33,0.15,3.6,0,,
238,Bunny Hill,Vulgaris,7/17/2017,19:12,7/17/2017 19:12,7/17/2017,22:40,7/17/2017 22:40,0.144444444,3.47,0,,
239,VV2,Vulgaris,7/17/2017,19:22,7/17/2017 19:22,7/17/2017,22:54,7/17/2017 22:54,0.147222222,3.53,0,,
240,VV1,Vulgaris,7/17/2017,19:31,7/17/2017 19:31,7/17/2017,22:59,7/17/2017 22:59,0.144444444,3.47,0,,
241,Moz valley,Vulgaris,7/17/2017,19:36,7/17/2017 19:36,7/17/2017,23:06,7/17/2017 23:06,0.145833333,3.5,1,,
242,Camp,Waterfall,7/17/2017,19:55,7/17/2017 19:55,7/17/2017,23:30,7/17/2017 23:30,0.149305556,3.58,0,,
243,KISS,DanishMet,7/19/2017,17:20,7/19/2017 17:20,7/19/2017,20:20,7/19/2017 20:20,0.125,3,0,,
244,Oil,DanishMet,7/19/2017,17:26,7/19/2017 17:26,7/19/2017,20:35,7/19/2017 20:35,0.13125,3.15,0,,
245,Golf,DanishMet,7/19/2017,17:33,7/19/2017 17:33,7/19/2017,20:43,7/19/2017 20:43,0.131944444,3.17,0,,
246,Kforest,DanishMet,7/19/2017,17:38,7/19/2017 17:38,7/19/2017,20:48,7/19/2017 20:48,0.131944444,3.17,16,,
247,Waterfall up,Waterfall,7/19/2017,17:50,7/19/2017 17:50,7/19/2017,20:59,7/19/2017 20:59,0.13125,3.15,8,,
248,Waterfall,Waterfall,7/19/2017,17:58,7/19/2017 17:58,7/19/2017,21:09,7/19/2017 21:09,0.132638889,3.18,8,,
249,Seatomato,Waterfall,7/19/2017,18:10,7/19/2017 18:10,7/19/2017,21:23,7/19/2017 21:23,0.134027778,3.22,3,,
250,Bunny Hill,Vulgaris,7/19/2017,18:21,7/19/2017 18:21,7/19/2017,21:37,7/19/2017 21:37,0.136111111,3.27,22,,
251,VV2,Vulgaris,7/19/2017,18:28,7/19/2017 18:28,7/19/2017,21:43,7/19/2017 21:43,0.135416667,3.25,52,,
252,VV1,Vulgaris,7/19/2017,18:34,7/19/2017 18:34,7/19/2017,21:49,7/19/2017 21:49,0.135416667,3.25,39,,
253,Moz valley,Vulgaris,7/19/2017,18:39,7/19/2017 18:39,7/19/2017,21:56,7/19/2017 21:56,0.136805556,3.28,45,,
254,Camp,Waterfall,7/19/2017,18:58,7/19/2017 18:58,7/19/2017,22:22,7/19/2017 22:22,0.141666667,3.4,0,,
