ID,Site,Weatherperiod,DateStart,TimeStart,Datetime_Start,DateEnd,TimeEnd,Datetime_End,Totaldays,Totalhours,Count,Count3.5,LogCount3.5,LnCount3.5,WindSpeedAvg,WindSpeedWSonly,WindDirection,TempAvg,Tempmin,Tempmax,Rhavg,BaroAvg,Scatcount,Scatcategory,Scatpair,Habitatamount,Habitatcategory,Habitatpair,BMHabitat,BMHabitat2,BMHabitat3
15,Waterfall,6,6/6/2017,18:11,6/6/2017 18:11,6/6/2017,21:49,6/6/2017 21:49,0.151388889,3.63,95,92,1.963787827,4.521788577,3.986111111,,130,10.75,8.6,11,56,1014,101,High,4,8034,High,1,HighHigh,HighHigh,1
17,KISS,6,6/6/2017,19:45,6/6/2017 19:45,6/6/2017,21:00,6/6/2017 21:00,0.052083333,1.25,67,188,2.274157849,5.236441963,3.347222223,,130,11,11,11,54,1014,100,High,2,8675,Low,3,HighLow,HighLow,2
12,Golf,6,6/6/2017,17:48,6/6/2017 17:48,6/6/2017,21:28,6/6/2017 21:28,0.152777778,3.67,301,287,2.457881897,5.659482216,4.5,,190,10.75,10,11,56,1014,0,Low,3,27609,High,2,LowHigh,LowHigh,3
13,Kforest,6,6/6/2017,17:53,6/6/2017 17:53,6/6/2017,21:34,6/6/2017 21:34,0.153472222,3.68,397,377,2.57634135,5.932245187,4.5,,190,10.75,10,11,56,1014,19,Med,3,2331,Low,2,MedLow,LowLow,4
57,VV1,26,6/18/2017,18:56,6/18/2017 18:56,6/18/2017,22:00,6/18/2017 22:00,0.127777778,3.07,114,130,2.113943352,4.86753445,5.563157895,3.391578947,101.0894737,9.619789474,7.995,11.102,50.28421053,1003,71,High,1,12617.745,High,5,HighHigh,HighHigh,1
59,VV2,26,6/18/2017,18:50,6/18/2017 18:50,6/18/2017,22:00,6/18/2017 22:00,0.131944444,3.17,0,0,0,0,5.6375,3.4485,101.09,9.68415,7.995,11.102,50.01,1003.25,31,Med,1,6971,Low,5,MedLow,HighLow,2
61,Seatomato,26,6/18/2017,18:20,6/18/2017 18:20,6/18/2017,21:30,6/18/2017 21:30,0.131944444,3.17,41,45,1.653212514,3.80666249,4.4545,2.0645,97.225,11.02935,9.632,12.775,47.56,1003.333333,35,Med,4,8857,High,6,MedHigh,LowHigh,3
62,Camp,26,6/18/2017,17:15,6/18/2017 17:15,6/18/2017,22:30,6/18/2017 22:30,0.21875,5.25,143,95,1.977723605,4.553876892,4.136875,1.8253125,94.1125,10.914875,8.717,13.209,48.471875,1003.4,20,Med,5,1495,Low,6,MedLow,LowLow,4
73,Waterfall,31,6/21/2017,18:15,6/21/2017 18:15,6/21/2017,21:33,6/21/2017 21:33,0.1375,3.3,8,8,0.903089987,2.079441542,3.6985,1.6605,52.855,8.1458,7.619,8.643,59.515,1005,101,High,4,8034,High,1,HighHigh,HighHigh,1
72,Waterfall up,31,6/21/2017,18:05,6/21/2017 18:05,6/21/2017,21:29,6/21/2017 21:29,0.141666667,3.4,7,7,0.84509804,1.945910149,3.865454545,1.760909091,54.36818182,8.174045455,7.619,8.643,59.45,1005,74,High,5,402,Low,1,HighLow,HighLow,2
70,Golf,31,6/21/2017,17:50,6/21/2017 17:50,6/21/2017,21:15,6/21/2017 21:15,0.142361111,3.42,6,6,0.77815125,1.791759469,4.375,,72.5,9.25,8,10,55.25,1005,0,Low,3,27609,High,2,LowHigh,LowHigh,3
71,Kforest,31,6/21/2017,17:55,6/21/2017 17:55,6/21/2017,21:20,6/21/2017 21:20,0.142361111,3.42,15,15,1.176091259,2.708050201,4.62962963,,73.33333333,9,8,10,59.33333333,1005,19,Med,3,2331,Low,2,MedLow,LowLow,4
78,VV1,33,6/22/2017,18:20,6/22/2017 18:20,6/22/2017,21:55,6/22/2017 21:55,0.149305556,3.58,410,400,2.602059991,5.991464547,3.545652174,1.772608696,59.38695652,10.68173913,9.213,11.929,48.83478261,1008.5,71,High,1,12617.745,High,5,HighHigh,HighHigh,1
79,Bunny Hill,33,6/22/2017,18:25,6/22/2017 18:25,6/22/2017,22:05,6/22/2017 22:05,0.152777778,3.67,88,84,1.924279286,4.430816799,3.545652174,1.772608696,59.38695652,10.68173913,9.213,11.929,48.83478261,1008.5,113,High,,3580.25,Low,4,HighLow,HighLow,2
75,Seatomato,33,6/22/2017,17:50,6/22/2017 17:50,6/22/2017,21:20,6/22/2017 21:20,0.145833333,3.5,241,241,2.382017043,5.484796933,4.805,2.494090909,59.71818182,13.20504545,11.224,14.864,42.93636364,1008.25,35,Med,4,8857,High,6,MedHigh,LowHigh,3
80,Camp,33,6/22/2017,18:35,6/22/2017 18:35,6/22/2017,22:10,6/22/2017 22:10,0.149305556,3.58,9,9,0.954242509,2.197224577,4.393181818,2.220454545,59.09090909,12.30204545,9.46,14.29,45.60909091,1008.5,20,Med,5,1495,Low,6,MedLow,LowLow,4
90,VV1,37,6/24/2017,18:50,6/24/2017 18:50,6/24/2017,22:22,6/24/2017 22:22,0.147222222,3.53,518,513,2.710117365,6.240275845,2.676818182,1.121818182,68.99545455,12.90277273,10.81,14.266,41.63181818,1014,71,High,1,12617.745,High,5,HighHigh,HighHigh,1
92,Bunny Hill,37,6/24/2017,19:02,6/24/2017 19:02,6/24/2017,22:28,6/24/2017 22:28,0.143055556,3.43,177,180,2.255272505,5.192956851,2.654090909,1.121818182,68.1,12.78604545,10.761,14.266,41.77272727,1014,113,High,,3580.25,Low,4,HighLow,HighLow,2
88,Seatomato,37,6/24/2017,18:25,6/24/2017 18:25,6/24/2017,21:46,6/24/2017 21:46,0.139583333,3.35,24,25,1.397940009,3.218875825,3.867272727,1.807272727,70.01363636,14.97904545,11.929,16.32,39.59545455,1014,35,Med,4,8857,High,6,MedHigh,LowHigh,3
93,Camp,37,6/24/2017,19:20,6/24/2017 19:20,6/24/2017,22:45,6/24/2017 22:45,0.142361111,3.42,195,200,2.301029996,5.298317367,3.5,1.557142857,69.47142857,13.93038095,11.224,16.106,41.83333333,1014,20,Med,5,1495,Low,6,MedLow,LowLow,4
102,Moz valley,41,6/28/2017,17:23,6/28/2017 17:23,6/28/2017,20:38,6/28/2017 20:38,0.135416667,3.25,55,59,1.770852012,4.077537444,4.625714286,2.754761905,32.9,12.09219048,10.247,13.858,51.03809524,1009,81,High,,7469.75,High,4,HighHigh,HighHigh,1
108,Waterfall,41,6/28/2017,18:21,6/28/2017 18:21,6/28/2017,21:30,6/28/2017 21:30,0.13125,3.15,418,464,2.666517981,6.139884552,3.6745,2.0135,25.425,13.06705,12.147,15.605,50.35,1009,101,High,4,8034,High,1,HighHigh,HighHigh,1
105,Bunny Hill,41,6/28/2017,17:42,6/28/2017 17:42,6/28/2017,20:56,6/28/2017 20:56,0.134722222,3.23,149,161,2.206825876,5.081404365,4.577142857,2.803333333,30.4952381,11.75828571,9.903,13.786,51.92380952,1009,113,High,,3580.25,Low,4,HighLow,HighLow,2
113,KISS,41,6/28/2017,19:03,6/28/2017 19:03,6/28/2017,22:13,6/28/2017 22:13,0.131944444,3.17,47,52,1.716003344,3.951243719,5.138888889,,253.3333333,11.66666667,11,12,59.33333333,1009.333333,100,High,2,8675,Low,3,HighLow,HighLow,2
112,Oil,41,6/28/2017,18:57,6/28/2017 18:57,6/28/2017,22:07,6/28/2017 22:07,0.131944444,3.17,771,852,2.930439595,6.747586527,5.138888889,,253.3333333,11.66666667,11,12,59.33333333,1009.333333,10,Low,2,11742.1,High,3,LowHigh,LowHigh,3
107,Seatomato,41,6/28/2017,18:07,6/28/2017 18:07,6/28/2017,21:19,6/28/2017 21:19,0.133333333,3.2,428,468,2.670245853,6.148468296,3.775,2.064,26.195,13.23395,12.219,15.605,49.845,1009,35,Med,4,8857,High,6,MedHigh,LowHigh,3
106,Camp,41,6/28/2017,17:58,6/28/2017 17:58,6/28/2017,21:09,6/28/2017 21:09,0.132638889,3.18,555,610,2.785329835,6.413458957,3.8755,2.1395,26.965,13.4151,12.219,15.939,49.3,1009,20,Med,5,1495,Low,6,MedLow,LowLow,4
110,Kforest,41,6/28/2017,18:43,6/28/2017 18:43,6/28/2017,21:53,6/28/2017 21:53,0.131944444,3.17,264,292,2.465382851,5.676753802,5.270833334,,252.5,11.75,11,12,59,1009.25,19,Med,3,2331,Low,2,MedLow,LowLow,4
125,Moz valley,42,6/29/2017,19:13,6/29/2017 19:13,6/29/2017,22:24,6/29/2017 22:24,0.132638889,3.18,44,48,1.681241237,3.871201011,4.857,2.795,49.975,8.24875,7.015,9.879,64.595,1009,81,High,,7469.75,High,4,HighHigh,HighHigh,1
124,VV1,42,6/29/2017,19:07,6/29/2017 19:07,6/29/2017,22:20,6/29/2017 22:20,0.134027778,3.22,7,8,0.903089987,2.079441542,4.857,2.795,49.975,8.24875,7.015,9.879,64.595,1009,71,High,1,12617.745,High,5,HighHigh,HighHigh,1
114,KISS,42,6/29/2017,17:39,6/29/2017 17:39,6/29/2017,20:47,6/29/2017 20:47,0.130555556,3.13,59,66,1.819543936,4.189654742,5.277777778,,57.5,13.5,12,15,49.5,1009,100,High,2,8675,Low,3,HighLow,HighLow,2
123,VV2,42,6/29/2017,19:02,6/29/2017 19:02,6/29/2017,22:15,6/29/2017 22:15,0.134027778,3.22,0,0,0,0,4.913333333,2.805714286,50.13333333,8.32052381,7.015,9.879,64.3952381,1009,31,Med,1,6971,Low,5,MedLow,HighLow,2
116,Golf,42,6/29/2017,17:53,6/29/2017 17:53,6/29/2017,21:03,6/29/2017 21:03,0.131944444,3.17,11,12,1.079181246,2.48490665,5.277777778,,57.5,13.5,12,15,49.5,1009,0,Low,3,27609,High,2,LowHigh,LowHigh,3
115,Oil,42,6/29/2017,17:43,6/29/2017 17:43,6/29/2017,20:54,6/29/2017 20:54,0.132638889,3.18,98,108,2.033423755,4.682131227,5.277777778,,57.5,13.5,12,15,49.5,1009,10,Low,2,11742.1,High,3,LowHigh,LowHigh,3
121,Camp,42,6/29/2017,18:38,6/29/2017 18:38,6/29/2017,21:50,6/29/2017 21:50,0.133333333,3.2,62,68,1.832508913,4.219507705,5.99,3.649,52.92,11.71035,9.583,13.642,54.31,1009,20,Med,5,1495,Low,6,MedLow,LowLow,4
117,Kforest,42,6/29/2017,17:59,6/29/2017 17:59,6/29/2017,21:09,6/29/2017 21:09,0.131944444,3.17,32,35,1.544068044,3.555348061,5.324074074,,56.66666667,13,12,14,51,1009,19,Med,3,2331,Low,2,MedLow,LowLow,4
129,VV1,44,7/2/2017,17:38,7/2/2017 17:38,7/2/2017,21:06,7/2/2017 21:06,0.144444444,3.47,0,0,0,0,7.504090909,4.576363636,240.9181818,5.556681818,4.636,6.611,47.56363636,1010.75,71,High,1,12617.745,High,5,HighHigh,HighHigh,1
133,Waterfall,44,7/2/2017,18:21,7/2/2017 18:21,7/2/2017,21:48,7/2/2017 21:48,0.14375,3.45,0,0,0,0,7.275,3.865909091,244.1681818,6.203954545,4.766,7.444,42.99545455,1010.75,101,High,4,8034,High,1,HighHigh,HighHigh,1
130,Bunny Hill,44,7/2/2017,17:43,7/2/2017 17:43,7/2/2017,21:12,7/2/2017 21:12,0.145138889,3.48,0,0,0,0,7.504090909,4.576363636,240.9181818,5.556681818,4.636,6.611,47.56363636,1010.75,113,High,,3580.25,Low,4,HighLow,HighLow,2
134,Waterfall up,44,7/2/2017,18:32,7/2/2017 18:32,7/2/2017,22:00,7/2/2017 22:00,0.144444444,3.47,0,0,0,0,7.160909091,3.728636364,244.7409091,6.109909091,4.766,7.444,43.1,1010.75,74,High,5,402,Low,1,HighLow,HighLow,2
136,Golf,44,7/2/2017,18:49,7/2/2017 18:49,7/2/2017,22:17,7/2/2017 22:17,0.144444444,3.47,0,0,0,0,7.847222222,,267.5,6.5,6,7,41.75,1010.75,0,Low,3,27609,High,2,LowHigh,LowHigh,3
132,Seatomato,44,7/2/2017,18:10,7/2/2017 18:10,7/2/2017,21:36,7/2/2017 21:36,0.143055556,3.43,0,0,0,0,7.503636364,4.003181818,243.9136364,6.295863636,4.921,7.444,43.01363636,1011,35,Med,4,8857,High,6,MedHigh,LowHigh,3
131,Camp,44,7/2/2017,18:04,7/2/2017 18:04,7/2/2017,21:26,7/2/2017 21:26,0.140277778,3.37,0,0,0,0,7.618181818,4.071818182,243.7227273,6.403681818,5.05,7.444,42.99090909,1011,20,Med,5,1495,Low,6,MedLow,LowLow,4
135,Kforest,44,7/2/2017,18:43,7/2/2017 18:43,7/2/2017,22:11,7/2/2017 22:11,0.144444444,3.47,0,0,0,0,7.847222222,,267.5,6.5,6,7,41.75,1010.75,19,Med,3,2331,Low,2,MedLow,LowLow,4
150,Moz valley,45,7/3/2017,19:16,7/3/2017 19:16,7/3/2017,22:41,7/3/2017 22:41,0.142361111,3.42,21,22,1.342422681,3.091042453,4.601428571,2.349047619,190.8666667,5.46652381,3.459,8.02,69.15238095,1002,81,High,,7469.75,High,4,HighHigh,HighHigh,1
144,Waterfall,45,7/3/2017,18:33,7/3/2017 18:33,7/3/2017,21:49,7/3/2017 21:49,0.136111111,3.27,2,2,0.301029996,0.693147181,5.896190476,2.469047619,188.7238095,7.849095238,6.204,9.682,55.57619048,1002,101,High,4,8034,High,1,HighHigh,HighHigh,1
148,VV2,45,7/3/2017,19:05,7/3/2017 19:05,7/3/2017,22:28,7/3/2017 22:28,0.140972222,3.38,0,0,0,0,4.735454545,2.425,185.9545455,5.790045455,3.459,8.419,66.06363636,1002,31,Med,1,6971,Low,5,MedLow,HighLow,2
143,Waterfall up,45,7/3/2017,18:23,7/3/2017 18:23,7/3/2017,21:47,7/3/2017 21:47,0.141666667,3.4,0,0,0,0,5.765454545,2.402727273,182.3772727,7.974772727,6.204,10.614,54.70454545,1002,74,High,5,402,Low,1,HighLow,HighLow,2
140,Oil,45,7/3/2017,18:00,7/3/2017 18:00,7/3/2017,21:16,7/3/2017 21:16,0.136111111,3.27,0,0,0,0,6.175925926,,306.6666667,7.666666667,7,8,61.66666667,1002,10,Low,2,11742.1,High,3,LowHigh,LowHigh,3
145,Seatomato,45,7/3/2017,18:43,7/3/2017 18:43,7/3/2017,21:59,7/3/2017 21:59,0.136111111,3.27,0,0,0,0,5.345238095,2.445238095,190.3285714,7.679857143,6.128,9.089,56.83809524,1002,35,Med,4,8857,High,6,MedHigh,LowHigh,3
146,Camp,45,7/3/2017,19:30,7/3/2017 19:30,7/3/2017,23:00,7/3/2017 23:00,0.145833333,3.5,0,0,0,0,3.660909091,1.395454545,182.7681818,6.990727273,5.539,8.02,62.34545455,1002,20,Med,5,1495,Low,6,MedLow,LowLow,4
142,Kforest,45,7/3/2017,18:13,7/3/2017 18:13,7/3/2017,21:32,7/3/2017 21:32,0.138194444,3.32,4,4,0.602059991,1.386294361,6.175925926,,306.6666667,7.666666667,7,8,61.66666667,1002,19,Med,3,2331,Low,2,MedLow,LowLow,4
153,VV1,46,7/5/2017,17:52,7/5/2017 17:52,7/5/2017,21:01,7/5/2017 21:01,0.13125,3.15,0,0,0,0,8.3295,5.41,101.87,6.72645,5.745,7.945,53.455,1005,71,High,1,12617.745,High,5,HighHigh,HighHigh,1
157,Waterfall,46,7/5/2017,18:33,7/5/2017 18:33,7/5/2017,21:41,7/5/2017 21:41,0.130555556,3.13,0,0,0,0,5.6375,2.9185,100.12,8.899,7.066,10.492,48.255,1005,101,High,4,8034,High,1,HighHigh,HighHigh,1
152,VV2,46,7/5/2017,17:48,7/5/2017 17:48,7/5/2017,20:56,7/5/2017 20:56,0.130555556,3.13,0,0,0,0,8.3295,5.41,101.87,6.72645,5.745,7.945,53.455,1005,31,Med,1,6971,Low,5,MedLow,HighLow,2
158,Waterfall up,46,7/5/2017,18:42,7/5/2017 18:42,7/5/2017,21:52,7/5/2017 21:52,0.131944444,3.17,0,0,0,0,5.537,2.843,99.7,8.7981,7.066,10.492,48.68,1005.25,74,High,5,402,Low,1,HighLow,HighLow,2
160,Golf,46,7/5/2017,18:58,7/5/2017 18:58,7/5/2017,22:08,7/5/2017 22:08,0.131944444,3.17,4,4,0.602059991,1.386294361,3.611111111,,260,8.666666667,7,10,46.66666667,1005.333333,0,Low,3,27609,High,2,LowHigh,LowHigh,3
156,Seatomato,46,7/5/2017,18:20,7/5/2017 18:20,7/5/2017,21:29,7/5/2017 21:29,0.13125,3.15,5,6,0.77815125,1.791759469,5.763,3.0445,100.75,9.0563,7.066,10.59,47.795,1005,35,Med,4,8857,High,6,MedHigh,LowHigh,3
155,Camp,46,7/5/2017,18:11,7/5/2017 18:11,7/5/2017,21:22,7/5/2017 21:22,0.132638889,3.18,0,0,0,0,5.889,3.0695,101.1,9.1544,7.066,10.59,47.475,1005,20,Med,5,1495,Low,6,MedLow,LowLow,4
159,Kforest,46,7/5/2017,18:53,7/5/2017 18:53,7/5/2017,22:00,7/5/2017 22:00,0.129861111,3.12,21,24,1.380211242,3.17805383,4.125,,257.5,9.25,7,11,45.25,1005.25,19,Med,3,2331,Low,2,MedLow,LowLow,4
173,VV1,47,7/6/2017,19:06,7/6/2017 19:06,7/6/2017,22:26,7/6/2017 22:26,0.138888889,3.33,49,51,1.707570176,3.931825633,3.954285714,2.204285714,27.61904762,8.618333333,6.763,10.247,50.53333333,1003,71,High,1,12617.745,High,5,HighHigh,HighHigh,1
168,Waterfall,47,7/6/2017,18:17,7/6/2017 18:17,7/6/2017,21:30,7/6/2017 21:30,0.134027778,3.22,182,198,2.29666519,5.288267031,2.719,1.2335,32.08,11.5674,10.247,12.171,38.31,1003,101,High,4,8034,High,1,HighHigh,HighHigh,1
171,Bunny Hill,47,7/6/2017,18:52,7/6/2017 18:52,7/6/2017,22:10,7/6/2017 22:10,0.1375,3.3,199,211,2.324282455,5.351858133,3.906666667,2.228571429,29.75714286,8.947761905,7.494,10.345,48.39047619,1003,113,High,,3580.25,Low,4,HighLow,HighLow,2
167,Waterfall up,47,7/6/2017,18:08,7/6/2017 18:08,7/6/2017,21:20,7/6/2017 21:20,0.133333333,3.2,88,96,1.982271233,4.564348191,2.8195,1.284,32.29,11.66845,10.492,12.268,37.395,1003,74,High,5,402,Low,1,HighLow,HighLow,2
165,Golf,47,7/6/2017,17:51,7/6/2017 17:51,7/6/2017,21:05,7/6/2017 21:05,0.134722222,3.23,76,82,1.913813852,4.406719247,4.243055556,,90,12.75,12,13,28.25,1003,0,Low,3,27609,High,2,LowHigh,LowHigh,3
164,Oil,47,7/6/2017,17:42,7/6/2017 17:42,7/6/2017,20:52,7/6/2017 20:52,0.131944444,3.17,117,129,2.11058971,4.859812404,4.243055556,,90,12.75,12,13,28.25,1003,10,Low,2,11742.1,High,3,LowHigh,LowHigh,3
170,Camp,47,7/6/2017,18:37,7/6/2017 18:37,7/6/2017,21:55,7/6/2017 21:55,0.1375,3.3,160,170,2.230448921,5.135798437,2.565714286,1.15047619,30.69047619,11.09904762,8.145,12.171,41.78095238,1003,20,Med,5,1495,Low,6,MedLow,LowLow,4
166,Kforest,47,7/6/2017,17:57,7/6/2017 17:57,7/6/2017,21:09,7/6/2017 21:09,0.133333333,3.2,120,131,2.117271296,4.875197323,3.944444444,,86.66666667,12.66666667,12,13,29,1003,19,Med,3,2331,Low,2,MedLow,LowLow,4
175,Moz valley,48,7/7/2017,17:38,7/7/2017 17:38,7/7/2017,21:02,7/7/2017 21:02,0.141666667,3.4,29,30,1.477121255,3.401197382,4.89,2.635238095,68.36666667,12.96609524,10.638,14.242,34.55238095,1001,81,High,,7469.75,High,4,HighHigh,HighHigh,1
177,VV1,48,7/7/2017,17:54,7/7/2017 17:54,7/7/2017,21:16,7/7/2017 21:16,0.140277778,3.37,114,119,2.075546961,4.779123493,4.919545455,2.561363636,71.19545455,12.73045455,10.59,14.242,35.11363636,1001,71,High,1,12617.745,High,5,HighHigh,HighHigh,1
185,KISS,48,7/7/2017,19:22,7/7/2017 19:22,7/7/2017,22:43,7/7/2017 22:43,0.139583333,3.35,11,11,1.041392685,2.397895273,6,,86.66666667,14,12,16,34.66666667,1001.333333,100,High,2,8675,Low,3,HighLow,HighLow,2
176,VV2,48,7/7/2017,17:49,7/7/2017 17:49,7/7/2017,21:11,7/7/2017 21:11,0.140277778,3.37,40,42,1.62324929,3.737669618,4.89,2.611428571,71.37619048,12.83238095,10.638,14.242,34.83333333,1001,31,Med,1,6971,Low,5,MedLow,HighLow,2
184,Golf,48,7/7/2017,19:08,7/7/2017 19:08,7/7/2017,22:30,7/7/2017 22:30,0.140277778,3.37,17,18,1.255272505,2.890371758,6,,86.66666667,14,12,16,34.66666667,1001.333333,0,Low,3,27609,High,2,LowHigh,LowHigh,3
180,Seatomato,48,7/7/2017,18:26,7/7/2017 18:26,7/7/2017,21:43,7/7/2017 21:43,0.136805556,3.28,25,27,1.431363764,3.295836866,4,1.8125,71.015,14.36925,10.541,16.63,35.18,1001,35,Med,4,8857,High,6,MedHigh,LowHigh,3
179,Camp,48,7/7/2017,18:16,7/7/2017 18:16,7/7/2017,21:35,7/7/2017 21:35,0.138194444,3.32,57,60,1.77815125,4.094344562,4.049047619,1.846190476,71.57619048,14.50071429,10.541,17.13,34.83809524,1001,20,Med,5,1495,Low,6,MedLow,LowLow,4
183,Kforest,48,7/7/2017,19:02,7/7/2017 19:02,7/7/2017,22:25,7/7/2017 22:25,0.140972222,3.38,103,107,2.029383778,4.672828834,6,,86.66666667,14,12,16,34.66666667,1001.333333,19,Med,3,2331,Low,2,MedLow,LowLow,4
186,Moz valley,49,7/9/2017,17:27,7/9/2017 17:27,7/9/2017,20:51,7/9/2017 20:51,0.141666667,3.4,24,25,1.397940009,3.218875825,5.537619048,3.186666667,41.87142857,9.716714286,8.27,11.029,57.47619048,1011,81,High,,7469.75,High,4,HighHigh,HighHigh,1
191,Waterfall,49,7/9/2017,18:27,7/9/2017 18:27,7/9/2017,21:40,7/9/2017 21:40,0.134027778,3.22,4,4,0.602059991,1.386294361,4.6315,2.5905,31.19,11.59965,9.287,13.714,52.32,1011,101,High,4,8034,High,1,HighHigh,HighHigh,1
187,VV2,49,7/9/2017,17:38,7/9/2017 17:38,7/9/2017,21:00,7/9/2017 21:00,0.140277778,3.37,0,0,0,0,5.513333333,3.186666667,39.93333333,9.607619048,8.27,11.029,57.6047619,1011,31,Med,1,6971,Low,5,MedLow,HighLow,2
192,Waterfall up,49,7/9/2017,18:37,7/9/2017 18:37,7/9/2017,21:52,7/9/2017 21:52,0.135416667,3.25,0,0,0,0,4.6565,2.616,29.015,11.3684,9.089,13.04,52.99,1011,74,High,5,402,Low,1,HighLow,HighLow,2
194,Golf,49,7/9/2017,18:52,7/9/2017 18:52,7/9/2017,22:17,7/9/2017 22:17,0.142361111,3.42,10,10,1,2.302585093,3.736111111,,85,11.5,9,13,50,1011,0,Low,3,27609,High,2,LowHigh,LowHigh,3
195,Oil,49,7/9/2017,19:02,7/9/2017 19:02,7/9/2017,22:26,7/9/2017 22:26,0.141666667,3.4,21,22,1.342422681,3.091042453,3.777777778,,90,11.33333333,9,13,51,1011,10,Low,2,11742.1,High,3,LowHigh,LowHigh,3
189,Camp,49,7/9/2017,21:00,7/9/2017 21:00,7/9/2017,23:30,7/9/2017 23:30,0.104166667,2.5,0,0,0,0,3.869375,2.234375,23.0875,7.7816875,3.221,10.785,63.96875,1011,20,Med,5,1495,Low,6,MedLow,LowLow,4
193,Kforest,49,7/9/2017,18:46,7/9/2017 18:46,7/9/2017,22:10,7/9/2017 22:10,0.141666667,3.4,8,8,0.903089987,2.079441542,3.736111111,,85,11.5,9,13,50,1011,19,Med,3,2331,Low,2,MedLow,LowLow,4
207,Moz valley,50,7/10/2017,19:05,7/10/2017 19:05,7/10/2017,22:13,7/10/2017 22:13,0.130555556,3.13,28,31,1.491361694,3.433987204,5.3865,3.371,22.63,10.4255,8.519,12.485,45.01,1005,81,High,,7469.75,High,4,HighHigh,HighHigh,1
202,Waterfall,50,7/10/2017,18:16,7/10/2017 18:16,7/10/2017,21:28,7/10/2017 21:28,0.133333333,3.2,14,15,1.176091259,2.708050201,4.606,2.6935,29.37,14.21185,11.686,15.986,36.7,1005,101,High,4,8034,High,1,HighHigh,HighHigh,1
197,KISS,50,7/10/2017,17:34,7/10/2017 17:34,7/10/2017,20:50,7/10/2017 20:50,0.136111111,3.27,28,30,1.477121255,3.401197382,3.854166667,,85,15.25,14,16,32.5,1005,100,High,2,8675,Low,3,HighLow,HighLow,2
201,Waterfall up,50,7/10/2017,18:07,7/10/2017 18:07,7/10/2017,21:26,7/10/2017 21:26,0.138194444,3.32,3,3,0.477121255,1.098612289,4.578571429,2.660952381,31.31428571,14.29633333,11.686,15.986,36.6047619,1005,74,High,5,402,Low,1,HighLow,HighLow,2
199,Golf,50,7/10/2017,17:50,7/10/2017 17:50,7/10/2017,21:06,7/10/2017 21:06,0.136111111,3.27,23,25,1.397940009,3.218875825,3.854166667,,85,15.25,14,16,32.5,1005,0,Low,3,27609,High,2,LowHigh,LowHigh,3
203,Seatomato,50,7/10/2017,18:28,7/10/2017 18:28,7/10/2017,21:39,7/10/2017 21:39,0.132638889,3.18,2,2,0.301029996,0.693147181,4.656,2.7185,27.335,13.98335,11.273,15.986,37.2,1005,35,Med,4,8857,High,6,MedHigh,LowHigh,3
208,Camp,50,7/10/2017,19:28,7/10/2017 19:28,7/10/2017,23:30,7/10/2017 23:30,0.168055556,4.03,21,18,1.255272505,2.890371758,4.1676,2.4368,23.944,11.09172,5.591,15.031,45.676,1005,20,Med,5,1495,Low,6,MedLow,LowLow,4
200,Kforest,50,7/10/2017,17:56,7/10/2017 17:56,7/10/2017,21:14,7/10/2017 21:14,0.1375,3.3,79,84,1.924279286,4.430816799,4.111111111,,83.33333333,15.33333333,14,16,32,1005,19,Med,3,2331,Low,2,MedLow,LowLow,4
217,VV1,51,7/12/2017,19:07,7/12/2017 19:07,7/12/2017,22:20,7/12/2017 22:20,0.134027778,3.22,59,64,1.806179974,4.158883083,5.2865,2.4665,74.205,13.1691,11.856,14.553,39.405,1000.666667,71,High,1,12617.745,High,5,HighHigh,HighHigh,1
214,Waterfall,51,7/12/2017,18:14,7/12/2017 18:14,7/12/2017,21:37,7/12/2017 21:37,0.140972222,3.38,24,25,1.397940009,3.218875825,5.148181818,2.607272727,63.62272727,14.70909091,11.929,16.392,39.63181818,1001,101,High,4,8034,High,1,HighHigh,HighHigh,1
209,KISS,51,7/12/2017,17:28,7/12/2017 17:28,7/12/2017,20:50,7/12/2017 20:50,0.140277778,3.37,2,2,0.301029996,0.693147181,5.791666667,,87.5,16.75,15,18,33,1001.25,100,High,2,8675,Low,3,HighLow,HighLow,2
213,Waterfall up,51,7/12/2017,18:05,7/12/2017 18:05,7/12/2017,21:28,7/12/2017 21:28,0.140972222,3.38,5,5,0.698970004,1.609437912,5.262727273,2.744545455,62.91818182,14.92490909,12.195,16.677,39.10909091,1001,74,High,5,402,Low,1,HighLow,HighLow,2
210,Oil,51,7/12/2017,17:35,7/12/2017 17:35,7/12/2017,21:01,7/12/2017 21:01,0.143055556,3.43,2,2,0.301029996,0.693147181,5.791666667,,87.5,16.75,15,18,33,1001.25,10,Low,2,11742.1,High,3,LowHigh,LowHigh,3
215,Seatomato,51,7/12/2017,18:26,7/12/2017 18:26,7/12/2017,21:49,7/12/2017 21:49,0.140972222,3.38,11,11,1.041392685,2.397895273,4.961904762,2.41952381,66.58571429,14.38509524,11.175,16.129,40.44285714,1000.75,35,Med,4,8857,High,6,MedHigh,LowHigh,3
219,Camp,51,7/12/2017,18:34,7/12/2017 18:34,7/12/2017,23:00,7/12/2017 23:00,0.184722222,4.43,28,22,1.342422681,3.091042453,4.368571429,2.048571429,72.1,13.20153571,8.369,16.129,43.88928571,1000.6,20,Med,5,1495,Low,6,MedLow,LowLow,4
212,Kforest,51,7/12/2017,17:53,7/12/2017 17:53,7/12/2017,21:16,7/12/2017 21:16,0.140972222,3.38,34,35,1.544068044,3.555348061,5.791666667,,87.5,16.75,15,18,33,1001.25,19,Med,3,2331,Low,2,MedLow,LowLow,4
220,Moz valley,52,7/14/2017,17:32,7/14/2017 17:32,7/14/2017,21:12,7/14/2017 21:12,0.152777778,3.67,36,34,1.531478917,3.526360525,5.055217391,2.865652174,157.8478261,10.89147826,7.695,14.601,58.93913043,991.5,81,High,,7469.75,High,4,HighHigh,HighHigh,1
222,VV1,52,7/14/2017,17:46,7/14/2017 17:46,7/14/2017,21:26,7/14/2017 21:26,0.152777778,3.67,129,123,2.089905111,4.812184355,4.332608696,2.427826087,159.8043478,10.28230435,6.712,13.353,61.36956522,991.5,71,High,1,12617.745,High,5,HighHigh,HighHigh,1
223,Bunny Hill,52,7/14/2017,17:53,7/14/2017 17:53,7/14/2017,21:33,7/14/2017 21:33,0.152777778,3.67,76,73,1.86332286,4.290459441,4.332608696,2.427826087,159.8043478,10.28230435,6.712,13.353,61.36956522,991.5,113,High,,3580.25,Low,4,HighLow,HighLow,2
230,KISS,52,7/14/2017,19:05,7/14/2017 19:05,7/14/2017,22:54,7/14/2017 22:54,0.159027778,3.82,0,0,0,0,5.784722222,,282.5,9,8,10,80.25,992,100,High,2,8675,Low,3,HighLow,HighLow,2
229,Oil,52,7/14/2017,18:58,7/14/2017 18:58,7/14/2017,22:47,7/14/2017 22:47,0.159027778,3.82,1,1,0,0,5.784722222,,282.5,9,8,10,80.25,992,10,Low,2,11742.1,High,3,LowHigh,LowHigh,3
224,Seatomato,52,7/14/2017,18:13,7/14/2017 18:13,7/14/2017,21:57,7/14/2017 21:57,0.155555556,3.73,8,8,0.903089987,2.079441542,4.9075,2.83125,158.7625,10.43858333,7.645,13.882,73.60416667,991.75,35,Med,4,8857,High,6,MedHigh,LowHigh,3
225,Camp,52,7/14/2017,18:05,7/14/2017 18:05,7/14/2017,21:48,7/14/2017 21:48,0.154861111,3.72,0,0,0,0,4.970416667,2.872916667,160.05,10.738375,7.745,14.84,71.9125,991.75,20,Med,5,1495,Low,6,MedLow,LowLow,4
228,Kforest,52,7/14/2017,18:42,7/14/2017 18:42,7/14/2017,22:31,7/14/2017 22:31,0.159027778,3.82,2,2,0.301029996,0.693147181,6.6875,,267.5,10.25,9,13,75.75,991.75,19,Med,3,2331,Low,2,MedLow,LowLow,4
241,Moz valley,53,7/17/2017,19:36,7/17/2017 19:36,7/17/2017,23:06,7/17/2017 23:06,0.145833333,3.5,1,1,0,0,3.203181818,1.464545455,39.94545455,5.816227273,3.827,7.142,60.86818182,1005,81,High,,7469.75,High,4,HighHigh,HighHigh,1
240,VV1,53,7/17/2017,19:31,7/17/2017 19:31,7/17/2017,22:59,7/17/2017 22:59,0.144444444,3.47,0,0,0,0,3.294545455,1.579090909,38.03181818,5.937454545,3.827,7.142,60.67272727,1005,71,High,1,12617.745,High,5,HighHigh,HighHigh,1
238,Bunny Hill,53,7/17/2017,19:12,7/17/2017 19:12,7/17/2017,22:40,7/17/2017 22:40,0.144444444,3.47,0,0,0,0,3.500454545,1.830909091,42.18636364,6.218863636,3.906,7.293,59.96818182,1005,113,High,,3580.25,Low,4,HighLow,HighLow,2
231,KISS,53,7/17/2017,17:40,7/17/2017 17:40,7/17/2017,21:15,7/17/2017 21:15,0.149305556,3.58,11,11,1.041392685,2.397895273,4.5,,75,9.75,9,10,55,1004.5,100,High,2,8675,Low,3,HighLow,HighLow,2
233,Golf,53,7/17/2017,18:18,7/17/2017 18:18,7/17/2017,21:57,7/17/2017 21:57,0.152083333,3.65,5,5,0.698970004,1.609437912,4.5,,70,9,7,10,55.75,1004.75,0,Low,3,27609,High,2,LowHigh,LowHigh,3
232,Oil,53,7/17/2017,18:10,7/17/2017 18:10,7/17/2017,21:36,7/17/2017 21:36,0.143055556,3.43,7,7,0.84509804,1.945910149,4.62962963,,70,9.666666667,9,10,54,1004.666667,10,Low,2,11742.1,High,3,LowHigh,LowHigh,3
242,Camp,53,7/17/2017,19:55,7/17/2017 19:55,7/17/2017,23:30,7/17/2017 23:30,0.149305556,3.58,0,0,0,0,3.729090909,1.876363636,42.94545455,5.795636364,0.605,9.336,64.51363636,1005,20,Med,5,1495,Low,6,MedLow,LowLow,4
234,Kforest,53,7/17/2017,18:25,7/17/2017 18:25,7/17/2017,22:03,7/17/2017 22:03,0.151388889,3.63,3,3,0.477121255,1.098612289,4.5,,70,9,7,10,55.75,1004.75,19,Med,3,2331,Low,2,MedLow,LowLow,4
253,Moz valley,54,7/19/2017,18:39,7/19/2017 18:39,7/19/2017,21:56,7/19/2017 21:56,0.136805556,3.28,45,48,1.681241237,3.871201011,5.585238095,3.355714286,256.7809524,8.871095238,6.712,11.346,74.24761905,1000.5,81,High,,7469.75,High,4,HighHigh,HighHigh,1
252,VV1,54,7/19/2017,18:34,7/19/2017 18:34,7/19/2017,21:49,7/19/2017 21:49,0.135416667,3.25,39,42,1.62324929,3.737669618,5.561428571,3.355714286,256.1761905,9.073190476,6.712,11.346,73.95714286,1000.5,71,High,1,12617.745,High,5,HighHigh,HighHigh,1
243,KISS,54,7/19/2017,17:20,7/19/2017 17:20,7/19/2017,20:20,7/19/2017 20:20,0.125,3,0,0,0,0,8.574074075,,306.6666667,11,9,13,67,998.3333333,100,High,2,8675,Low,3,HighLow,HighLow,2
251,VV2,54,7/19/2017,18:28,7/19/2017 18:28,7/19/2017,21:43,7/19/2017 21:43,0.135416667,3.25,52,56,1.748188027,4.025351691,5.6885,3.448,256.35,9.19125,6.813,11.346,73.7,999.6666667,31,Med,1,6971,Low,5,MedLow,HighLow,2
244,Oil,54,7/19/2017,17:26,7/19/2017 17:26,7/19/2017,20:35,7/19/2017 20:35,0.13125,3.15,0,0,0,0,8.574074075,,306.6666667,11,9,13,67,998.3333333,10,Low,2,11742.1,High,3,LowHigh,LowHigh,3
249,Seatomato,54,7/19/2017,18:10,7/19/2017 18:10,7/19/2017,21:23,7/19/2017 21:23,0.134027778,3.22,3,3,0.477121255,1.098612289,5.362,2.567,259.09,10.7326,8.17,13.834,66.01,999.6666667,35,Med,4,8857,High,6,MedHigh,LowHigh,3
254,Camp,54,7/19/2017,18:58,7/19/2017 18:58,7/19/2017,22:22,7/19/2017 22:22,0.141666667,3.4,0,0,0,0,5.37,2.492857143,270.2190476,9.282285714,7.695,12.751,68.89047619,1001.333333,20,Med,5,1495,Low,6,MedLow,LowLow,4
246,Kforest,54,7/19/2017,17:38,7/19/2017 17:38,7/19/2017,20:48,7/19/2017 20:48,0.131944444,3.17,16,18,1.255272505,2.890371758,8.618055557,,305,10.25,8,13,68,999,19,Med,3,2331,Low,2,MedLow,LowLow,4
